Underdog 4for4 ADP,,,,,,,
Player,Pos,Team,Current ADP,Old ADP,ADP Change,Ovr Rank,Pos Rank
Justin Jefferson,WR,MIN,1.1,1.1,0,1,1
Ja'Marr Chase,WR,CIN,2.2,2.2,0,2,2
Christian McCaffrey,RB,SF,3.3,3.5,-0.2,3,1
Tyreek Hill,WR,MIA,4.2,4.1,0.1,4,3
Cooper Kupp,WR,LAR,5.5,5.2,0.3,5,4
Travis Kelce,TE,KC,6.4,6.3,0.1,6,1
Austin Ekeler,RB,LAC,7.4,7.5,-0.1,7,2
Bijan Robinson,RB,ATL,7.8,8.7,-0.9,8,3
Stefon Diggs,WR,BUF,8.5,8.1,0.4,9,5
A.J. Brown,WR,PHI,10.4,10.2,0.2,10,6
CeeDee Lamb,WR,DAL,11.7,11.5,0.2,11,7
Nick Chubb,RB,CLE,12,12.1,-0.1,12,4
Amon-Ra St. Brown,WR,DET,13.3,13.1,0.2,13,8
Garrett Wilson,WR,NYJ,14.5,14.2,0.3,14,9
Saquon Barkley,RB,NYG,15.2,16.1,-0.9,15,5
Davante Adams,WR,LV,15.8,15.3,0.5,16,10
Tony Pollard,RB,DAL,16.5,18.1,-1.6,17,6
Jaylen Waddle,WR,MIA,18.8,18,0.8,18,11
Chris Olave,WR,NO,19.7,19.4,0.3,19,12
Derrick Henry,RB,TEN,20.4,21,-0.6,20,7
Patrick Mahomes,QB,KC,20.9,20.6,0.3,21,1
DeVonta Smith,WR,PHI,22.3,21.8,0.5,22,13
Jalen Hurts,QB,PHI,23.7,24.6,-0.9,23,2
Calvin Ridley,WR,JAX,23.9,25.9,-2,24,14
Tee Higgins,WR,CIN,25.9,25,0.9,25,15
Jonathan Taylor,RB,IND,26.3,24.2,2.1,26,8
Josh Allen,QB,BUF,27.2,27.5,-0.3,27,3
Mark Andrews,TE,BAL,28,29.1,-1.1,28,2
DK Metcalf,WR,SEA,29.2,28.8,0.4,29,16
Josh Jacobs,RB,LV,31.1,32.2,-1.1,30,9
Jahmyr Gibbs,RB,DET,31.1,34.4,-3.3,31,10
Amari Cooper,WR,CLE,32.7,33,-0.3,32,17
Lamar Jackson,QB,BAL,33.4,35.4,-2,33,4
Rhamondre Stevenson,RB,NE,34.6,28.3,6.3,34,11
Deebo Samuel,WR,SF,34.9,34.7,0.2,35,18
Keenan Allen,WR,LAC,35.7,36.5,-0.8,36,19
Jerry Jeudy,WR,DEN,37.9,37.9,0,37,20
DJ Moore,WR,CHI,39.2,45,-5.8,38,21
Christian Watson,WR,GB,40,41.1,-1.1,39,22
Travis Etienne,RB,JAX,41.4,41.5,-0.1,40,12
Najee Harris,RB,PIT,41.5,40,1.5,41,13
Joe Mixon,RB,CIN,41.9,43,-1.1,42,14
Breece Hall,RB,NYJ,43.6,33.4,10.2,43,15
Justin Fields,QB,CHI,43.6,47.9,-4.3,44,5
Mike Williams,WR,LAC,43.7,44.6,-0.9,45,23
Drake London,WR,ATL,45.4,44.4,1,46,24
Terry McLaurin,WR,WAS,47,45.8,1.2,47,25
DeAndre Hopkins,WR,NA,48.2,46.9,1.3,48,26
Joe Burrow,QB,CIN,49.1,48.6,0.5,49,6
Aaron Jones,RB,GB,50.8,51.7,-0.9,50,16
Brandon Aiyuk,WR,SF,51.3,51.6,-0.3,51,27
T.J. Hockenson,TE,MIN,52.3,52.3,0,52,3
Justin Herbert,QB,LAC,52.7,53.6,-0.9,53,7
Kenneth Walker,RB,SEA,54,53.6,0.4,54,17
Christian Kirk,WR,JAX,54.5,50.9,3.6,55,28
Diontae Johnson,WR,PIT,55.6,55.4,0.2,56,29
Jaxon Smith-Njigba,WR,SEA,57.1,58.1,-1,57,30
Alexander Mattison,RB,MIN,59.6,58.8,0.8,58,18
Chris Godwin,WR,TB,61.1,59.9,1.2,59,31
Tyler Lockett,WR,SEA,61.3,62,-0.7,60,32
Darren Waller,TE,NYG,62,71,-9,61,4
George Kittle,TE,SF,62.8,62.6,0.2,62,5
Trevor Lawrence,QB,JAX,63.5,65,-1.5,63,8
Dameon Pierce,RB,HOU,64.5,67.5,-3,64,19
Mike Evans,WR,TB,66.3,66.6,-0.3,65,33
Marquise Brown,WR,ARI,66.3,61.9,4.4,66,34
George Pickens,WR,PIT,66.6,71.8,-5.2,67,35
J.K. Dobbins,RB,BAL,67.3,69.3,-2,68,20
Gabe Davis,WR,BUF,68.3,68.9,-0.6,69,36
Miles Sanders,RB,CAR,71,64.4,6.6,70,21
Cam Akers,RB,LAR,71.3,66.6,4.7,71,22
Jordan Addison,WR,MIN,72.6,70.7,1.9,72,37
Jahan Dotson,WR,WAS,73.1,74.4,-1.3,73,38
Michael Pittman,WR,IND,74.9,71,3.9,74,39
Javonte Williams,RB,DEN,75.2,77.9,-2.7,75,23
Kyle Pitts,TE,ATL,75.5,73.8,1.7,76,6
James Cook,RB,BUF,76.5,84.7,-8.2,77,24
Dallas Goedert,TE,PHI,77.9,76.9,1,78,7
David Montgomery,RB,DET,78.9,77.3,1.6,79,25
James Conner,RB,ARI,80.4,80.6,-0.2,80,26
Zay Flowers,WR,BAL,80.7,82.6,-1.9,81,40
Quentin Johnston,WR,LAC,82.8,79.7,3.1,82,41
Alvin Kamara,RB,NO,82.9,88,-5.1,83,27
D'Andre Swift,RB,PHI,83.2,80.6,2.6,84,28
Brandin Cooks,WR,DAL,84,84,0,85,42
Rachaad White,RB,TB,85.3,83,2.3,86,29
Deshaun Watson,QB,CLE,86.9,84.3,2.6,87,9
Elijah Moore,WR,CLE,88.3,87.5,0.8,88,43
Skyy Moore,WR,KC,89.4,90.9,-1.5,89,44
Isiah Pacheco,RB,KC,90.2,90.3,-0.1,90,30
Dalvin Cook,RB,MIN,92.3,99.2,-6.9,91,31
Courtland Sutton,WR,DEN,92.3,93.2,-0.9,92,45
Tua Tagovailoa,QB,MIA,93.7,92.6,1.1,93,10
Michael Thomas,WR,NO,95.2,98.2,-3,94,46
Evan Engram,TE,JAX,96.6,95,1.6,95,8
Khalil Herbert,RB,CHI,96.6,112.3,-15.7,96,32
Treylon Burks,WR,TEN,96.9,87.3,9.6,97,47
Rashod Bateman,WR,BAL,98.7,96.4,2.3,98,48
Anthony Richardson,QB,IND,99.9,104.2,-4.3,99,11
Kadarius Toney,WR,KC,100.5,96.6,3.9,100,49
Antonio Gibson,RB,WAS,101.3,99.6,1.7,101,33
AJ Dillon,RB,GB,102.6,101.2,1.4,102,34
Zach Charbonnet,RB,SEA,103.3,105.7,-2.4,103,35
Brian Robinson,RB,WAS,104.4,106.1,-1.7,104,36
Dak Prescott,QB,DAL,105.9,106,-0.1,105,12
Odell Beckham,WR,BAL,107.2,108.8,-1.6,106,50
David Njoku,TE,CLE,107.8,106.7,1.1,107,9
Pat Freiermuth,TE,PIT,108.9,108.4,0.5,108,10
Rashaad Penny,RB,PHI,109.9,102.6,7.3,109,37
Tyler Boyd,WR,CIN,112.7,111,1.7,110,51
Kirk Cousins,QB,MIN,112.8,111.6,1.2,111,13
Jameson Williams,WR,DET,113,103.8,9.2,112,52
Geno Smith,QB,SEA,113.5,114.9,-1.4,113,14
Daniel Jones,QB,NYG,113.7,115.5,-1.8,114,15
JuJu Smith-Schuster,WR,NE,114.9,116.2,-1.3,115,53
Romeo Doubs,WR,GB,115.4,118.6,-3.2,116,54
Devon Achane,RB,MIA,116.5,113.1,3.4,117,38
Samaje Perine,RB,DEN,116.9,113.3,3.6,118,39
Dalton Kincaid,TE,BUF,118.3,120.7,-2.4,119,11
Nico Collins,WR,HOU,118.3,114.6,3.7,120,55
Aaron Rodgers,QB,NYJ,121.8,122.5,-0.7,121,16
Tank Bigsby,RB,JAX,122.2,127.1,-4.9,122,40
Jamaal Williams,RB,NO,122.5,125.8,-3.3,123,41
Allen Lazard,WR,NYJ,122.6,119.6,3,124,56
Zay Jones,WR,JAX,122.8,125.2,-2.4,125,57
Jerick McKinnon,RB,KC,124.8,123.1,1.7,126,42
Jaylen Warren,RB,PIT,125.8,133.6,-7.8,127,43
Jakobi Meyers,WR,LV,128.1,126.9,1.2,128,58
Jared Goff,QB,DET,129,129.5,-0.5,129,17
Darnell Mooney,WR,CHI,131.3,131,0.3,130,59
Elijah Mitchell,RB,SF,133,131.5,1.5,131,44
Damien Harris,RB,BUF,134.9,126.1,8.8,132,45
Rashee Rice,WR,KC,135.5,138.7,-3.2,133,60
Dalton Schultz,TE,HOU,135.6,137,-1.4,134,12
Russell Wilson,QB,DEN,135.9,134,1.9,135,18
Michael Gallup,WR,DAL,138.6,137.6,1,136,61
Tyler Allgeier,RB,ATL,140.1,141.3,-1.2,137,46
Tyler Higbee,TE,LAR,140.1,141.4,-1.3,138,13
Van Jefferson,WR,LAR,140.3,140.6,-0.3,139,62
Marquez Valdes-Scantling,WR,KC,142.2,144.1,-1.9,140,63
Marvin Mims,WR,DEN,142.7,145,-2.3,141,64
Sam LaPorta,TE,DET,143.5,150.1,-6.6,142,14
Raheem Mostert,RB,MIA,144.3,158.1,-13.8,143,47
Cole Kmet,TE,CHI,144.4,149.1,-4.7,144,15
Kenneth Gainwell,RB,PHI,144.7,158.8,-14.1,145,48
K.J. Osborn,WR,MIN,145.8,147.5,-1.7,146,65
Derek Carr,QB,NO,146.9,150.7,-3.8,147,19
Ezekiel Elliott,RB,NA,147.3,175.4,-28.1,148,49
Rondale Moore,WR,ARI,148.5,136.8,11.7,149,66
Greg Dulcich,TE,DEN,151.2,131.8,19.4,150,16
Roschon Johnson,RB,CHI,152,154.9,-2.9,151,50
Jonathan Mingo,WR,CAR,152.3,146.3,6,152,67
Chigoziem Okonkwo,TE,TEN,152.9,147.2,5.7,153,17
Jordan Love,QB,GB,153.6,161.2,-7.6,154,20
Adam Thielen,WR,CAR,154.9,148.7,6.2,155,68
Gerald Everett,TE,LAC,155,148.9,6.1,156,18
DJ Chark,WR,CAR,157.2,152.3,4.9,157,69
Alec Pierce,WR,IND,157.3,156,1.3,158,70
Kyler Murray,QB,ARI,162.8,157.8,5,159,21
Devin Singletary,RB,HOU,163.8,158.6,5.2,160,51
Jalin Hyatt,WR,NYG,163.9,170.9,-7,161,71
Brock Purdy,QB,SF,164.6,167,-2.4,162,22
Matthew Stafford,QB,LAR,164.6,161.3,3.3,163,23
Kenny Pickett,QB,PIT,164.9,170.5,-5.6,164,24
Jayden Reed,WR,GB,165.3,168.3,-3,165,72
Donovan Peoples-Jones,WR,CLE,165.5,162.3,3.2,166,73
Zamir White,RB,LV,166.5,178.9,-12.4,167,52
Isaiah Hodgins,WR,NYG,166.7,167.3,-0.6,168,74
Jeff Wilson,RB,MIA,167.6,176.5,-8.9,169,53
Juwan Johnson,TE,NO,168.3,181.9,-13.6,170,19
Irv Smith,TE,CIN,169.7,165.1,4.6,171,20
Kendre Miller,RB,NO,170.2,151.6,18.6,172,54
Jake Ferguson,TE,DAL,171.8,188.3,-16.5,173,21
Tyjae Spears,RB,TEN,172.1,174.8,-2.7,174,55
Nathaniel Dell,WR,HOU,173.4,193.3,-19.9,175,75
D'Onta Foreman,RB,CHI,173.5,161.2,12.3,176,56
Luke Musgrave,TE,GB,176,194.6,-18.6,177,22
Taysom Hill,TE,NO,177.5,163.6,13.9,178,23
Curtis Samuel,WR,WAS,178,177.1,0.9,179,76
Rashid Shaheed,WR,NO,181.6,171.3,10.3,180,77
Gus Edwards,RB,BAL,183.7,177.8,5.9,181,57
Kareem Hunt,RB,NA,185.4,184.1,1.3,182,58
Sam Howell,QB,WAS,185.8,195.5,-9.7,183,25
DeVante Parker,WR,NE,185.9,185.6,0.3,184,78
Dawson Knox,TE,BUF,185.9,179.4,6.5,185,24
Jerome Ford,RB,CLE,186.8,173.5,13.3,186,59
Deuce Vaughn,RB,DAL,190.3,212.7,-22.4,187,60
Justyn Ross,WR,KC,190.6,185.5,5.1,188,79
Chuba Hubbard,RB,CAR,190.7,189.7,1,189,61
Bryce Young,QB,CAR,190.9,182.6,8.3,190,26
Hunter Henry,TE,NE,191.4,197.4,-6,191,25
Tyler Conklin,TE,NYJ,193.4,188.4,5,192,26
Parris Campbell,WR,NYG,193.7,187.1,6.6,193,80
John Metchie,WR,HOU,194.6,179.5,15.1,194,81
Hunter Renfrow,WR,LV,196.1,193.4,2.7,195,82
Darius Slayton,WR,NYG,197.6,197,0.6,196,83
Ty Chandler,RB,MIN,199.5,205.3,-5.8,197,62
Richie James,WR,KC,200.4,198.3,2.1,198,84
Khalil Shakir,WR,BUF,200.8,189.8,11,199,85
Hayden Hurst,TE,CAR,201.6,199.9,1.7,200,27
Michael Wilson,WR,ARI,201.7,208.7,-7,201,86
Ryan Tannehill,QB,TEN,202.2,203.6,-1.4,202,27
Clyde Edwards-Helaire,RB,KC,203.4,206.5,-3.1,203,63
Mecole Hardman,WR,NYJ,204.1,199.4,4.7,204,87
Zach Ertz,TE,ARI,205.1,215.5,-10.4,205,28
Jimmy Garoppolo,QB,LV,205.9,206.8,-0.9,206,28
C.J. Stroud,QB,HOU,206.3,199.1,7.2,207,29
Michael Mayer,TE,LV,206.6,209.5,-2.9,208,29
Desmond Ridder,QB,ATL,207.5,208.8,-1.3,209,30
Chase Claypool,WR,CHI,208.3,206.5,1.8,210,88
Cordarrelle Patterson,RB,ATL,208.4,199.5,8.9,211,64
Isaiah Likely,TE,BAL,208.7,207.4,1.3,212,30
Leonard Fournette,RB,NA,209,204.2,4.8,213,65
Robert Woods,WR,HOU,210.7,210.5,0.2,214,89
Mac Jones,QB,NE,211.3,211.3,0,215,31
Joshua Palmer,WR,LAC,211.8,213.1,-1.3,216,90
Puka Nacua,WR,LAR,211.9,212.8,-0.9,217,91
Calvin Austin,WR,PIT,211.9,214.2,-2.3,218,92
Deon Jackson,RB,IND,212.2,212.7,-0.5,219,66
Josh Downs,WR,IND,212.7,213.7,-1,220,93
Noah Fant,TE,SEA,212.8,213,-0.2,221,31
Chase Brown,RB,CIN,213,206.7,6.3,222,67
Joshua Kelley,RB,LAC,213.4,214.1,-0.7,223,68
Trey McBride,TE,ARI,213.7,209,4.7,224,32
Mack Hollins,WR,ATL,213.8,214.5,-0.7,225,94
Cedric Tillman,WR,CLE,214,214.6,-0.6,226,95
Baker Mayfield,QB,TB,214.1,214.4,-0.3,227,32
Kyren Williams,RB,LAR,214.2,215.1,-0.9,228,69
Corey Davis,WR,NYJ,214.2,213.9,0.3,229,96
Marvin Jones,WR,DET,214.3,214.8,-0.5,230,97
Cade Otton,TE,TB,214.4,215.2,-0.8,231,33
Josh Reynolds,WR,DET,214.5,215.6,-1.1,232,98
Mike Gesicki,TE,NE,214.5,207.1,7.4,233,34
Chris Evans,RB,CIN,214.6,215.4,-0.8,234,70
Latavius Murray,RB,BUF,214.6,214.8,-0.2,235,71
Jelani Woods,TE,IND,214.7,214.3,0.4,236,35
Allen Robinson,WR,PIT,214.7,214,0.7,237,99
Trey Palmer,WR,TB,215.1,215.9,-0.8,238,100
Wan'Dale Robinson,WR,NYG,215.2,215.1,0.1,239,101
Tyquan Thornton,WR,NE,215.2,210.7,4.5,240,102
Malik Davis,RB,DAL,215.3,214.2,1.1,241,72
Chase Edmonds,RB,TB,215.4,215.5,-0.1,242,73
Deonte Harty,WR,BUF,215.4,215.8,-0.4,243,103
Darnell Washington,TE,PIT,215.4,215.6,-0.2,244,36
Evan Hull,RB,IND,215.4,215,0.4,245,74
Quez Watkins,WR,PHI,215.5,215.1,0.4,246,104
Sean Tucker,RB,TB,215.5,215.6,-0.1,247,75
Cole Turner,TE,WAS,215.5,215.8,-0.3,248,37
Adam Trautman,TE,DEN,215.5,215.6,-0.1,249,38
Keaontay Ingram,RB,ARI,215.5,215.7,-0.2,250,76
Tutu Atwell,WR,LAR,215.5,215.7,-0.2,251,105
Trey Lance,QB,SF,215.6,214.6,1,252,33
Durham Smythe,TE,MIA,215.6,215.8,-0.2,253,39
A.T. Perry,WR,NO,215.6,215.9,-0.3,254,106
Terrace Marshall,WR,CAR,215.7,212.3,3.4,255,107
Isaiah Spiller,RB,LAC,215.7,215.9,-0.2,256,77
Rico Dowdle,RB,DAL,215.7,215.9,-0.2,257,78
Kendrick Bourne,WR,NE,215.7,215.9,-0.2,258,108
Jalen Tolbert,WR,DAL,215.7,215.9,-0.2,259,109
Michael Carter,RB,NYJ,215.8,214.1,1.7,260,79
Kalif Raymond,WR,DET,215.8,215.9,-0.1,261,110
Trent Sherfield,WR,BUF,215.8,215.7,0.1,262,111
Braxton Berrios,WR,MIA,215.8,215.9,-0.1,263,112
Jordan Mason,RB,SF,215.8,215.6,0.2,264,80
Zach Evans,RB,LAR,215.8,215.7,0.1,265,81
DeWayne McBride,RB,MIN,215.8,215.7,0.1,266,82
Sterling Shepard,WR,NYG,215.8,215.7,0.1,267,113
Logan Thomas,TE,WAS,215.8,215.7,0.1,268,40
Deneric Prince,RB,KC,215.8,215.4,0.4,269,83
Daniel Bellinger,TE,NYG,215.8,215.9,-0.1,270,41
Raheem Blackshear,RB,CAR,215.9,216,-0.1,271,84
Demario Douglas,WR,NE,215.9,215.8,0.1,272,114
Justice Hill,RB,BAL,215.9,215.9,0,273,85
Aidan O'Connell,QB,LV,215.9,216,-0.1,274,34
Greg Dortch,WR,ARI,215.9,215.6,0.3,275,115
Jauan Jennings,WR,SF,215.9,215.9,0,276,116
Noah Gray,TE,KC,215.9,215.8,0.1,277,42
Laviska Shenault,WR,CAR,215.9,215.8,0.1,278,117
Melvin Gordon,RB,NA,215.9,215.8,0.1,279,86
Nelson Agholor,WR,BAL,215.9,215.9,0,280,118
Randall Cobb,WR,NYJ,215.9,215.9,0,281,119
Luke Schoonmaker,TE,DAL,215.9,215.9,0,282,43
Sam Darnold,QB,SF,215.9,216,-0.1,283,35
Justin Watson,WR,KC,215.9,215.9,0,284,120
Malik Cunningham,QB,NE,215.9,215.9,0,285,36
Zack Moss,RB,IND,215.9,215.9,0,286,87
Tyler Scott,WR,CHI,215.9,215.9,0,287,121
Kenyan Drake,RB,NA,215.9,215.8,0.1,288,88
Jamal Agnew,WR,JAX,215.9,215.9,0,289,122
Charlie Jones,WR,CIN,215.9,216,-0.1,290,123
Robert Tonyan,TE,CHI,215.9,216,-0.1,291,44
Mike White,QB,MIA,215.9,215.9,0,292,37
Salvon Ahmed,RB,MIA,215.9,216,-0.1,293,89
Isaiah McKenzie,WR,IND,215.9,215.9,0,294,124
Israel Abanikanda,RB,NYJ,215.9,215.8,0.1,295,90
Trayveon Williams,RB,CIN,215.9,215.9,0,296,91
Chris Rodriguez,RB,WAS,215.9,215.9,0,297,92
Jameis Winston,QB,NO,215.9,216,-0.1,298,38
Devin Duvernay,WR,BAL,215.9,215.9,0,299,125
Kayshon Boutte,WR,NE,215.9,216,-0.1,300,126
Dorian Thompson-Robinson,QB,CLE,215.9,216,-0.1,301,39
Austin Hooper,TE,LV,216,215.9,0.1,302,45
James Robinson,RB,NE,216,215.9,0.1,303,93
Tyrion Davis-Price,RB,SF,216,215.9,0.1,304,94
Austin Watkins,WR,NA,216,216,0,305,127
Kyle Trask,QB,TB,216,216,0,306,40
Matt Breida,RB,NYG,216,216,0,307,95
D'Ernest Johnson,RB,JAX,216,216,0,308,96
Marquez Callaway,WR,DEN,216,215.9,0.1,309,128
Samori Toure,WR,GB,216,216,0,310,129
Trey Sermon,RB,PHI,216,216,0,311,97
Stetson Bennett,QB,LAR,216,215.9,0.1,312,41
Dez Bryant,WR,NA,216,216,0,313,130
Jimmy Graham,TE,NA,216,215.9,0.1,314,46
Jake Bobo,WR,SEA,216,216,0,315,131
Boston Scott,RB,PHI,216,216,0,316,98
Eric Gray,RB,NYG,216,216,0,317,99
Foster Moreau,TE,NO,216,216,0,318,47
C.J. Uzomah,TE,NYJ,216,216,0,319,48
Parker Washington,WR,JAX,216,216,0,320,132
Tyler Huntley,QB,BAL,216,216,0,321,42
Demetric Felton,RB,CLE,216,216,0,322,100
Chosen Anderson,WR,MIA,216,215.9,0.1,323,133
Olamide Zaccheaus,WR,PHI,216,216,0,324,134
Travis Homer,RB,CHI,216,216,0,325,101
Julius Chestnut,RB,TEN,216,216,0,326,102
Damien Williams,RB,NA,216,216,0,327,103
Anthony Firkser,TE,NA,216,216,0,328,49
Myles Gaskin,RB,MIA,216,216,0,329,104
Russell Gage,WR,TB,216,215.9,0.1,330,135
Juwan Green,WR,NA,216,216,0,331,136
Tim Tebow,TE,NA,216,216,0,332,50
Tre Tucker,WR,LV,216,216,0,333,137
Tucker Kraft,TE,GB,216,216,0,334,51
Nick Westbrook-Ikhine,WR,TEN,216,216,0,335,138
Derius Davis,WR,LAC,216,216,0,336,139
Brandon Bolden,RB,LV,216,216,0,337,105
Donald Parham,TE,LAC,216,215.9,0.1,338,52
Marcus Mariota,QB,PHI,216,215.9,0.1,339,43
Ameer Abdullah,RB,LV,216,216,0,340,106
JaMycal Hasty,RB,JAX,216,216,0,341,107
DeeJay Dallas,RB,SEA,216,216,0,342,108
Cedrick Wilson,WR,MIA,216,216,0,343,140
Dyami Brown,WR,WAS,216,216,0,344,141
Trenton Irwin,WR,CIN,216,216,0,345,142
N'Keal Harry,WR,NA,216,216,0,346,143
Keelan Cole,WR,NA,216,216,0,347,144
Malik Willis,QB,TEN,216,216,0,348,44
Cooper Rush,QB,DAL,216,216,0,349,45
Kenny McIntosh,RB,SEA,216,216,0,350,109
Clayton Tune,QB,ARI,216,216,0,351,46
Tre' McKitty,TE,LAC,216,216,0,352,53
Sean Clifford,QB,GB,216,216,0,353,47
Julio Jones,WR,NA,216,216,0,354,145
J.J. Nelson,WR,NA,216,216,0,355,146
DeMichael Harris,WR,NA,216,216,0,356,147
BJ Baylor,RB,ATL,216,216,0,357,110
DeVonte Dedmon,WR,NA,216,216,0,358,148
Tom Brady,QB,NA,216,216,0,359,48
Equanimeous St. Brown,WR,CHI,216,216,0,360,149
Kristian Wilkerson,WR,IND,216,216,0,361,150
Mark Ingram,RB,NA,216,216,0,362,111
Hakeem Butler,TE,PIT,216,216,0,363,54
Feleipe Franks,TE,ATL,216,216,0,364,55
KeeSean Johnson,WR,BUF,216,216,0,365,151
Wendell Smallwood,RB,NA,216,216,0,366,112
DeSean Jackson,WR,NA,216,216,0,367,152
Pierre Strong,RB,NE,216,215.5,0.5,368,113
Noah Brown,WR,HOU,216,216,0,369,153
Ben Skowronek,WR,LAR,216,216,0,370,154
Demarcus Robinson,WR,NA,216,216,0,371,155
Jacoby Brissett,QB,WAS,216,216,0,372,49
Josh Whyle,TE,TEN,216,216,0,373,56
Gardner Minshew,QB,IND,216,216,0,374,50
Jordan Akins,TE,CLE,216,216,0,375,57
Andrei Iosivas,WR,CIN,216,216,0,376,156
Kyle Philips,WR,TEN,216,216,0,377,157
Ke'Shawn Vaughn,RB,TB,216,216,0,378,114
Tyrod Taylor,QB,NYG,216,216,0,379,51
Byron Pringle,WR,NA,216,216,0,380,158
Kene Nwangwu,RB,MIN,216,216,0,381,115
Denzel Mims,WR,NYJ,216,215.9,0.1,382,159
Jamison Crowder,WR,NYG,216,216,0,383,160
Brycen Hopkins,TE,LAR,216,216,0,384,58
Jalen Reagor,WR,MIN,216,216,0,385,161
Ty Montgomery,WR,NE,216,216,0,386,162
Colby Parkinson,TE,SEA,216,216,0,387,59
Will Dissly,TE,SEA,216,216,0,388,60
Josh Oliver,TE,MIN,216,216,0,389,61
Tyler Badie,RB,DEN,216,216,0,390,116
Ronnie Bell,WR,SF,216,216,0,391,163
Connor Heyward,TE,PIT,216,216,0,392,62
Kevin White,WR,NA,216,216,0,393,164
Todd Gurley,RB,NA,216,216,0,394,117
T.J. Yeldon,RB,NA,216,216,0,395,118
Nick Boyle,TE,NA,216,216,0,396,63
Jacob Hollister,TE,NA,216,216,0,397,64
Ethan Wolf,TE,NA,216,216,0,398,65
Andy Isabella,WR,BAL,216,216,0,399,165
Tyler Davis,TE,GB,216,216,0,400,66
Austin Walter,RB,LV,216,216,0,401,119
Spencer Brown,RB,CAR,216,216,0,402,120
KJ Hamler,WR,DEN,216,216,0,403,166
Cam Newton,QB,NA,216,216,0,404,52
Bo Scarbrough,RB,NA,216,216,0,405,121
Kevin Hogan,QB,NA,216,216,0,406,53
De'Montre Tuggle,RB,NA,216,216,0,407,122
Ben Roethlisberger,QB,NA,216,216,0,408,54
Drew Brees,QB,NA,216,216,0,409,55
Brian Lewerke,QB,NA,216,216,0,410,56
Ronald Jones,RB,DAL,216,216,0,411,123
Jalen Guyton,WR,LAC,216,216,0,412,167
Taylor Heinicke,QB,ATL,216,216,0,413,57
Peyton Hendershot,TE,DAL,216,216,0,414,67
Colt McCoy,QB,ARI,216,216,0,415,58
Will Levis,QB,TEN,216,216,0,416,59
Brock Wright,TE,DET,216,216,0,417,68
Harrison Bryant,TE,CLE,216,216,0,418,69
Zach Pascal,WR,ARI,216,216,0,419,168
Kylen Granson,TE,IND,216,216,0,420,70
Deven Thompkins,WR,TB,216,216,0,421,169
Dontayvion Wicks,WR,GB,216,216,0,422,170
Rakim Jarrett,WR,TB,216,216,0,423,171
Dan Arnold,TE,PHI,216,216,0,424,71
Scotty Miller,WR,ATL,216,216,0,425,172
Albert Okwuegbunam,TE,DEN,216,216,0,426,72
Xavier Hutchinson,WR,HOU,216,216,0,427,173
Jarrett Stidham,QB,DEN,216,216,0,428,60
Ray-Ray McCloud,WR,SF,216,216,0,429,174
Kendall Hinton,WR,DEN,216,216,0,430,175
Zack Kuntz,TE,NYJ,216,216,0,431,73
DeAndre Carter,WR,LV,216,216,0,432,176
Jonnu Smith,TE,ATL,216,216,0,433,74
Justin Shorter,WR,BUF,216,216,0,434,177
Bailey Zappe,QB,NE,216,216,0,435,61
David Bell,WR,CLE,216,216,0,436,178
Chris Moore,WR,TEN,216,216,0,437,179
Davis Mills,QB,HOU,216,216,0,438,62
Keaton Mitchell,RB,BAL,216,216,0,439,124
Tommy Tremble,TE,CAR,216,216,0,440,75
Payne Durham,TE,TB,216,216,0,441,76
Tanner Hudson,TE,CIN,216,216,0,442,77
Cole Beasley,WR,BUF,216,215.9,0.1,443,180
Davis Allen,TE,LAR,216,216,0,444,78
Bryan Edwards,WR,NO,216,216,0,445,181
Teddy Bridgewater,QB,NA,216,216,0,446,63
Skylar Thompson,QB,MIA,216,216,0,447,64
Trevor Siemian,QB,NA,216,216,0,448,65
Elijah Higgins,WR,MIA,216,216,0,449,182
Kyle Allen,QB,BUF,216,216,0,450,66
Jermar Jefferson,RB,DET,216,216,0,451,125
Antoine Green,WR,DET,216,216,0,452,183
Anthony McFarland,RB,PIT,216,216,0,453,126
SaRodorick Thompson,RB,NO,216,216,0,454,127
Ross Dwelley,TE,SF,216,216,0,455,79
P.J. Walker,QB,CHI,216,216,0,456,67
Jalen Nailor,WR,MIN,216,216,0,457,184
Jeremy Ruckert,TE,NYJ,216,216,0,458,80
Patrick Taylor,RB,GB,216,216,0,459,128
KaVontae Turpin,WR,DAL,216,216,0,460,185
Irvin Charles,WR,NYJ,216,216,0,461,186
Shane Buechele,QB,KC,216,216,0,462,68
Tyler Johnson,WR,LV,216,216,0,463,187
Charles Jones,TE,NA,216,216,0,464,81
Ethan Fernea,WR,IND,216,216,0,465,188
John Hightower,WR,LAC,216,216,0,466,189
Brittain Brown,RB,LV,216,216,0,467,129
Erik Ezukanma,WR,MIA,216,216,0,468,190
Tavon Austin,WR,NA,216,216,0,469,191
Alec Ingold,RB,MIA,216,216,0,470,130
La'Mical Perine,RB,KC,216,216,0,471,131
Henry Ruggs,WR,NA,216,216,0,472,192
Willie Snead,WR,SF,216,216,0,473,193
James Mitchell,TE,DET,216,216,0,474,82
Ty'Son Williams,RB,ARI,216,216,0,475,132
Colin Kaepernick,QB,NA,216,216,0,476,69
Mike Glennon,QB,NA,216,216,0,477,70
Godwin Igwebuike,RB,NA,216,216,0,478,133
Curtis Hodges,TE,WAS,216,216,0,479,83
Ronnie Rivers,RB,LAR,216,216,0,480,134
Kellen Mond,QB,CLE,216,216,0,481,71
Josh Ferguson,RB,NA,216,216,0,482,135
Troy Hairston,RB,HOU,216,216,0,483,136
Deon Cain,WR,NA,216,216,0,484,194
Nyheim Hines,RB,BUF,216,216,0,485,137
Malik Taylor,WR,NYJ,216,216,0,486,195
Dwayne Haskins,QB,NA,216,216,0,487,72
Le'Veon Bell,RB,NA,216,216,0,488,138
Devon Allen,WR,PHI,216,216,0,489,196
John Kelly,RB,CLE,216,216,0,490,139
Tajae Sharpe,WR,NA,216,216,0,491,197
Ihmir Smith-Marsette,WR,KC,216,216,0,492,198
Brenden Knox,RB,NA,216,216,0,493,140
Tim Patrick,WR,DEN,216,216,0,494,199
Craig Reynolds,RB,DET,216,216,0,495,141
Hassan Haskins,RB,TEN,216,216,0,496,142
Corey Clement,RB,ARI,216,216,0,497,143
Kevin Harris,RB,NE,216,216,0,498,144
Mo Alie-Cox,TE,IND,216,216,0,499,84
Brenton Strange,TE,JAX,216,216,0,500,85
Jody Fortson,TE,KC,216,216,0,501,86
Will Mallory,TE,IND,216,216,0,502,87
Zonovan Knight,RB,NYJ,216,216,0,503,145
Cameron Latu,TE,SF,216,216,0,504,88
Tre'Quan Smith,WR,NO,216,216,0,505,200
John Bates,TE,WAS,216,216,0,506,89
Breshad Perriman,WR,NA,216,216,0,507,201
Darrel Williams,RB,NA,216,216,0,508,146
Jaret Patterson,RB,NA,216,216,0,509,147
Josiah Deguara,TE,GB,216,216,0,510,90
Laquon Treadwell,WR,NA,216,216,0,511,202
Mitch Trubisky,QB,PIT,216,216,0,512,73
Zach Wilson,QB,NYJ,216,216,0,513,74
Brevin Jordan,TE,HOU,216,216,0,514,91
Danny Gray,WR,SF,216,216,0,515,203
Quintin Morris,TE,BUF,216,216,0,516,92
Snoop Conner,RB,JAX,216,216,0,517,148
Chris Conley,WR,SF,216,216,0,518,204
Dax Milne,WR,WAS,216,216,0,519,205
Mohamed Ibrahim,RB,DET,216,216,0,520,149
Marquise Goodwin,WR,CLE,216,216,0,521,206
Steven Sims,WR,HOU,216,216,0,522,207
Dante Pettis,WR,CHI,216,216,0,523,208
KhaDarel Hodge,WR,ATL,216,216,0,524,209
Shi Smith,WR,CAR,216,216,0,525,210
David Moore,WR,NA,216,216,0,526,211
Charlie Kolar,TE,BAL,216,216,0,527,93
Dee Eskridge,WR,SEA,216,216,0,528,212
Parker Hesse,TE,ATL,216,216,0,529,94
Pharaoh Brown,TE,IND,216,216,0,530,95
Eno Benjamin,RB,NO,216,216,0,531,150
Amari Rodgers,WR,HOU,216,216,0,532,213
Drew Sample,TE,CIN,216,216,0,533,96
Andy Dalton,QB,CAR,216,216,0,534,75
Greg Ward,WR,PHI,216,216,0,535,214
Gary Brightwell,RB,NYG,216,216,0,536,151
Mitchell Tinsley,WR,WAS,216,216,0,537,215
Larry Rountree,RB,LAC,216,216,0,538,152
J.J. Taylor,RB,NE,216,216,0,539,153
Xazavian Valladay,RB,HOU,216,216,0,540,154
Blaine Gabbert,QB,KC,216,216,0,541,76
Kearis Jackson,WR,TEN,216,216,0,542,216
Reggie Gilliam,RB,BUF,216,216,0,543,155
Nick Mullens,QB,MIN,216,216,0,544,77
Ian Thomas,TE,CAR,216,216,0,545,97
Teagan Quitoriano,TE,HOU,216,216,0,546,98
Drew Lock,QB,SEA,216,216,0,547,78
Joseph Ngata,WR,PHI,216,216,0,548,217
Zach Gentry,TE,PIT,216,216,0,549,99
Matt Landers,WR,SEA,216,216,0,550,218
C.J. Beathard,QB,JAX,216,216,0,551,79
Case Keenum,QB,HOU,216,216,0,552,80
Joshua Dobbs,QB,CLE,216,216,0,553,81
Brian Hoyer,QB,LV,216,216,0,554,82
Colton Dowell,WR,TEN,216,216,0,555,219
Lew Nichols,RB,GB,216,216,0,556,156
John Wolford,QB,LAR,216,216,0,557,83
Hendon Hooker,QB,DET,216,216,0,558,84
Mason Rudolph,QB,NA,216,216,0,559,85
Josh Johnson,RB,NA,216,NA,NA,560,157
Hunter Luepke,RB,DAL,216,216,0,561,158
Brayden Willis,TE,SF,216,216,0,562,100
Easton Stick,QB,LAC,216,216,0,563,86
Jakeem Grant,WR,CLE,216,216,0,564,220
Keilahn Harris,WR,ATL,216,216,0,565,221
Sam Ehlinger,QB,IND,216,216,0,566,87
James Washington,WR,NO,216,216,0,567,222
Trestan Ebner,RB,CHI,216,216,0,568,159
Jake Haener,QB,NO,216,216,0,569,88
Eric Saubert,TE,MIA,216,216,0,570,101
Noah Gindorff,TE,SEA,216,216,0,571,102
Giovanni Ricci,TE,CAR,216,216,0,572,103
Ko Kieft,TE,TB,216,216,0,573,104
Tanner Morgan,QB,PIT,216,216,0,574,89
Jack Stoll,TE,PHI,216,216,0,575,105
Johnny Mundt,TE,MIN,216,216,0,576,106
Anthony Schwartz,WR,CLE,216,216,0,577,223
Trent Taylor,WR,CIN,216,216,0,578,224
Velus Jones,WR,CHI,216,216,0,579,225
Max Duggan,QB,LAC,216,216,0,580,90
Keke Coutee,WR,NA,216,216,0,581,226
Michael Woods,WR,CLE,216,216,0,582,227
Travis Vokolek,TE,BAL,216,216,0,583,107
Montrell Washington,WR,DEN,216,216,0,584,228
Ricky Seals-Jones,TE,NA,216,216,0,585,108
Gunner Olszewski,WR,PIT,216,216,0,586,229
Blake Bell,TE,KC,216,216,0,587,109
Mike Boone,RB,HOU,216,216,0,588,160
Tyler Kroft,TE,MIA,216,216,0,589,110
Marcus Kemp,WR,WAS,216,216,0,590,230
Britain Covey,WR,PHI,216,216,0,591,231
Tony Jones,RB,DEN,216,216,0,592,161
James Proche,WR,BAL,216,216,0,593,232
Josh Ali,WR,ATL,216,216,0,594,233
Brandon Powell,WR,MIN,216,216,0,595,234
Matt Corral,QB,CAR,216,216,0,596,91
Tanner McKee,QB,PHI,216,216,0,597,92
Dwayne Washington,RB,NO,216,216,0,598,162
Jaren Hall,QB,MIN,216,216,0,599,93
Dare Ogunbowale,RB,HOU,216,216,0,600,163
Alex Ellis,TE,NA,216,216,0,601,111
Kyle Shurmur,QB,NA,216,216,0,602,94
Kenny Yeboah,TE,NYJ,216,216,0,603,112
Dylan Cantrell,TE,NA,216,216,0,604,113
Damiere Byrd,WR,CAR,216,216,0,605,235
Ross Travis,TE,NA,216,216,0,606,114
Patrick Carr,RB,NA,216,216,0,607,164
Dax Raymond,TE,NA,216,216,0,608,115
Rashod Berry,TE,NA,216,216,0,609,116
Chase Garbers,QB,LV,216,216,0,610,95
Evan Baylis,TE,NA,216,216,0,611,117
Nick Foles,QB,NA,216,216,0,612,96
Zach Davidson,TE,BUF,216,216,0,613,118
Demetrius Harris,TE,NA,216,216,0,614,119
Jonathan Williams,RB,WAS,216,216,0,615,165
Dedrick Mills,RB,NA,216,216,0,616,166
Duke Johnson,RB,NA,216,216,0,617,167
Greg Olsen,TE,NA,216,216,0,618,120
Shermari Jones,RB,NA,216,216,0,619,168
Tim Boyle,QB,NYJ,216,216,0,620,97
Trevor Davis,WR,NA,216,216,0,621,236
John Hurst,WR,NA,216,216,0,622,237
Ryan Willis,QB,NA,216,216,0,623,98
Jamal Pettigrew,TE,NA,216,216,0,624,121
Matt Colburn,RB,NA,216,216,0,625,169
Ty Fryfogle,WR,KC,216,216,0,626,238
Charlie Taumoepeau,TE,NA,216,216,0,627,122
Raleigh Webb,WR,NE,216,216,0,628,239
Thomas Hennigan,WR,NA,216,216,0,629,240
Chris Rowland,WR,NA,216,216,0,630,241
Jeff Badet,WR,NA,216,216,0,631,242
Tony Brown,WR,NA,216,216,0,632,243
Ryan Nall,RB,NA,216,216,0,633,170
Omar Bayless,WR,NA,216,216,0,634,244
Nate Stanley,QB,NA,216,216,0,635,99
Rod Smith,RB,NA,216,216,0,636,171
Chad Hansen,WR,NA,216,216,0,637,245
Marken Michel,WR,NA,216,216,0,638,246
Jalen Richard,RB,NA,216,216,0,639,172
Tavien Feaster,RB,NA,216,216,0,640,173
Matt Lengel,TE,NA,216,216,0,641,123
Jonathan Ward,RB,TEN,216,216,0,642,174
Josh Pearson,WR,NA,216,216,0,643,247
Kurt Benkert,QB,NA,216,216,0,644,100
Tucker Fisk,TE,ATL,216,216,0,645,124
James Morgan,QB,NA,216,216,0,646,101
Jake Funk,RB,IND,216,216,0,647,175
Antonio Williams,RB,NA,216,216,0,648,176
Aaron Fuller,WR,NA,216,216,0,649,248
Temarrick Hemingway,TE,NA,216,216,0,650,125
Dai'Jean Dixon,WR,NA,216,216,0,651,249
Charlie Woerner,TE,SF,216,216,0,652,126
Mason Fairchild,TE,NA,216,216,0,653,127
Mykel Jones,WR,NA,216,216,0,654,250
Kemore Gamble,TE,NA,216,216,0,655,128
Leroy Watson,TE,SF,216,216,0,656,129
Josh Pederson,TE,NA,216,216,0,657,130
Alshon Jeffery,WR,NA,216,216,0,658,251
Jerreth Sterns,WR,NA,216,216,0,659,252
Larry Fitzgerald,WR,NA,216,216,0,660,253
Michael Walker,WR,NA,216,216,0,661,254
Bronson Kaufusi,TE,NA,216,216,0,662,131
Travell Harris,WR,NA,216,216,0,663,255
Graham Adomitis,TE,NA,216,216,0,664,132
Austin Allen,TE,GB,216,216,0,665,133
John Lovett,RB,MIA,216,216,0,666,177
Jyaire Shorter,WR,NA,216,216,0,667,256
Marcedes Lewis,TE,NA,216,216,0,668,134
Austin Carr,WR,NA,216,216,0,669,257
Trinity Benson,WR,DET,216,216,0,670,258
Gerrit Prince,TE,JAX,216,216,0,671,135
JaVonta Payton,WR,NA,216,216,0,672,259
Jesper Horsted,TE,LV,216,216,0,673,136
Jalen Virgil,WR,DEN,216,216,0,674,260
Roosevelt Nix,RB,NA,216,216,0,675,178
Michael Roberts,TE,NA,216,216,0,676,137
Trevon Clark,WR,NA,216,216,0,677,261
Dontay Demus,WR,BAL,216,216,0,678,262
Lil'Jordan Humphrey,WR,DEN,216,216,0,679,263
Cody Hollister,WR,TEN,216,216,0,680,264
Nolan Givan,TE,NA,216,216,0,681,138
Dominick Blaylock,WR,NA,216,216,0,682,265
Kenjon Barner,RB,NA,216,216,0,683,179
Jalen Cropper,WR,NA,216,216,0,684,266
Tony Brooks-James,RB,NA,216,216,0,685,180
Aca'Cedric Ware,RB,NA,216,216,0,686,181
Devlin Hodges,QB,NA,216,216,0,687,102
Mekhi Sargent,RB,NA,216,216,0,688,182
Travis Dye,RB,NYJ,216,216,0,689,183
Dez Fitzpatrick,WR,PIT,216,216,0,690,267
Alex Tanney,QB,NA,216,216,0,691,103
Geoff Swaim,TE,NA,216,216,0,692,139
Abram Smith,RB,NA,216,216,0,693,184
Kalija Lipscomb,WR,NA,216,216,0,694,268
Thomas Greaney,TE,CLE,216,216,0,695,140
Isaac Nauta,TE,NA,216,216,0,696,141
Danny Davis,WR,NA,216,216,0,697,269
Anthony Johnson,WR,NA,216,216,0,698,270
DJ Turner,WR,LV,216,216,0,699,271
EJ Smith,RB,NA,216,216,0,700,185
Nakia Griffin-Stewart,TE,NA,216,216,0,701,142
Quincy Adeboyejo,WR,NA,216,216,0,702,272
Clint Ratkovich,RB,ATL,216,216,0,703,186
Jake Hausmann,TE,NA,216,216,0,704,143
Damarea Crockett,RB,DEN,216,216,0,705,187
Tyler Ervin,RB,NA,216,216,0,706,188
Jordan Ta'amu,QB,NA,216,216,0,707,104
Tommy Stevens,QB,NA,216,216,0,708,105
Marcell Ateman,WR,NA,216,216,0,709,273
Deontez Alexander,WR,NA,216,216,0,710,274
Cyril Grayson,WR,NA,216,216,0,711,275
Reid Sinnett,QB,NA,216,216,0,712,106
Branden Mack,WR,NA,216,216,0,713,276
Deamonte Trayanum,RB,NA,216,216,0,714,189
Darren Fells,TE,NA,216,216,0,715,144
Buddy Howell,RB,NA,216,216,0,716,190
Dan Vitale,RB,NA,216,216,0,717,191
Johnny Stanton,RB,NA,216,216,0,718,192
John Raine,TE,ATL,216,216,0,719,145
Matt Ryan,QB,NA,216,216,0,720,107
Lamar Miller,RB,NA,216,216,0,721,193
Jalen Berger,RB,NA,216,216,0,722,194
Luke Stocker,TE,NA,216,216,0,723,146
Rico Gafford,WR,NA,216,216,0,724,277
Daurice Fountain,WR,CHI,216,216,0,725,278
Slade Bolden,WR,NA,216,216,0,726,279
Dontario Drummond,WR,DAL,216,216,0,727,280
Clayton Thorson,QB,NA,216,216,0,728,108
Hale Hentges,TE,NA,216,216,0,729,147
Pharoh Cooper,WR,ARI,216,216,0,730,281
Devin Smith,WR,NA,216,216,0,731,282
Erik Krommenhoek,TE,NA,216,216,0,732,148
Ventell Bryant,WR,NA,216,216,0,733,283
Jamize Olawale,RB,NA,216,216,0,734,195
Ryan McDaniel,WR,NA,216,216,0,735,284
Bo Melton,WR,GB,216,216,0,736,285
Maurice Ffrench,WR,NA,216,216,0,737,286
Jester Weah,WR,NA,216,216,0,738,287
Jaleel Scott,WR,NA,216,216,0,739,288
Keelan Doss,WR,LAC,216,216,0,740,289
Lance McCutcheon,WR,LAR,216,216,0,741,290
Isaiah Ford,WR,NA,216,216,0,742,291
Cade Brewer,TE,NA,216,216,0,743,149
Trejan Bridges,WR,NA,216,216,0,744,292
Brayden Lenius,TE,NA,216,216,0,745,150
Nate Sudfeld,QB,DET,216,216,0,746,109
Kendric Pryor,WR,JAX,216,216,0,747,293
Jashaun Corbin,RB,NYG,216,216,0,748,196
Roger Carter,TE,NA,216,216,0,749,151
Javon Wims,WR,ARI,216,216,0,750,294
Bernhard Seikovits,TE,ARI,216,216,0,751,152
Manasseh Bailey,WR,NA,216,216,0,752,295
Malik Henry,WR,NA,216,216,0,753,296
Josh Adams,RB,NA,216,216,0,754,197
Jadon Haselwood,WR,PHI,216,216,0,755,297
Otis Anderson,RB,NA,216,216,0,756,198
Taiwan Jones,RB,NA,216,216,0,757,199
Jake Burt,TE,NA,216,216,0,758,153
Steven Mitchell,WR,NA,216,216,0,759,298
Ben Sims,TE,MIN,216,216,0,760,154
Dallas Daniels,WR,DEN,216,216,0,761,299
Bryce Ford-Wheaton,WR,NYG,216,216,0,762,300
Shawn Poindexter,WR,NA,216,216,0,763,301
Joe Flacco,QB,NA,216,216,0,764,110
Ben Koyack,TE,NA,216,216,0,765,155
EJ Williams,WR,NA,216,216,0,766,302
Ryan Switzer,WR,NA,216,216,0,767,303
Cole Kelley,QB,NA,216,216,0,768,111
Jequez Ezzard,WR,NA,216,216,0,769,304
Jay Cutler,QB,NA,216,216,0,770,112
Quartney Davis,WR,NA,216,216,0,771,305
Chris Tyree,RB,NA,216,216,0,772,200
Demond Demas,WR,NA,216,216,0,773,306
Travis Jonsen,WR,NA,216,216,0,774,307
Seth Green,TE,DAL,216,216,0,775,156
Antoine Wesley,WR,NA,216,216,0,776,308
Jaquarii Roberson,WR,NA,216,216,0,777,309
Nick Muse,TE,MIN,216,216,0,778,157
Geremy Davis,WR,NA,216,216,0,779,310
Tyler Mabry,TE,SEA,216,216,0,780,158
Kyle Lauletta,QB,NA,216,216,0,781,113
K.J. Costello,QB,NA,216,216,0,782,114
Blake Proehl,WR,MIN,216,216,0,783,311
Rodney Smith,RB,NA,216,216,0,784,201
Keith Kirkwood,WR,NO,216,216,0,785,312
Rome Odunze,WR,NA,216,216,0,786,313
Kerrith Whyte,RB,NA,216,216,0,787,202
Nick Eubanks,TE,NA,216,216,0,788,159
LeSean McCoy,RB,NA,216,216,0,789,203
Dezmon Patmon,WR,BUF,216,216,0,790,314
Jordan Howard,RB,NA,216,216,0,791,204
Avery Williams,RB,ATL,216,216,0,792,205
Cam Sims,WR,LV,216,216,0,793,315
Spencer Ware,RB,NA,216,216,0,794,206
Jeff Driskel,QB,ARI,216,216,0,795,115
Gary Jennings,WR,NA,216,216,0,796,316
Maxx Williams,TE,NA,216,216,0,797,160
Reggie Davis,WR,NA,216,216,0,798,317
Cody Core,WR,NA,216,216,0,799,318
Malcolm Perry,WR,NA,216,216,0,800,319
Ra'Shaun Henry,WR,ATL,216,216,0,801,320
Mataeo Durant,RB,NA,216,216,0,802,207
T.J. Vasher,WR,NA,216,216,0,803,321
De'Mornay Pierson-El,WR,NA,216,216,0,804,322
Tevin Jones,WR,NA,216,216,0,805,323
Sean Shaw,WR,NA,216,216,0,806,324
Cary Angeline,TE,NA,216,216,0,807,161
JaTarvious Whitlow,RB,NA,216,216,0,808,208
Qadree Ollison,RB,JAX,216,216,0,809,209
Jordan Chunn,RB,NA,216,216,0,810,210
Jaeden Graham,TE,NA,216,216,0,811,162
Tevin Coleman,RB,NA,216,216,0,812,211
Tyree Jackson,TE,PHI,216,216,0,813,163
Sage Surratt,TE,NA,216,216,0,814,164
Adam Shaheen,TE,NA,216,216,0,815,165
Khari Blasingame,RB,CHI,216,216,0,816,212
Justin Jackson,RB,NA,216,216,0,817,213
Brandon Zylstra,WR,NA,216,216,0,818,325
Christian Blake,WR,NA,216,216,0,819,326
Antonio Brown,WR,NA,216,216,0,820,327
Andrew Vollert,TE,NA,216,216,0,821,166
Robert Foster,WR,NA,216,216,0,822,328
Kai Locksley,WR,NA,216,216,0,823,329
Bo Nix,QB,NA,216,216,0,824,116
Joe Webb,QB,NA,216,216,0,825,117
Andre Baccellia,WR,ARI,216,216,0,826,330
Chris Streveler,QB,NYJ,216,216,0,827,118
Pro Wells,TE,NA,216,216,0,828,167
Nate McCrary,RB,CLE,216,216,0,829,214
Cody White,WR,PIT,216,216,0,830,331
Davis Webb,QB,NA,216,216,0,831,119
Royce Freeman,RB,NA,216,216,0,832,215
Corey Rucker,WR,NA,216,216,0,833,332
Alex Bachman,WR,HOU,216,216,0,834,333
Brian Hill,RB,NA,216,216,0,835,216
Tiyon Evans,RB,LAR,216,216,0,836,217
Garrett Gilbert,QB,NE,216,216,0,837,120
Josh Rosen,QB,NA,216,216,0,838,121
Dalton Schoen,WR,NA,216,216,0,839,334
Stone Smartt,TE,LAC,216,216,0,840,168
Isaiah Davis,RB,NA,216,216,0,841,218
Josh McCown,QB,NA,216,216,0,842,122
Max Borghi,RB,NA,216,216,0,843,219
Jared Wayne,WR,HOU,216,216,0,844,335
Anthony Sherman,RB,NA,216,216,0,845,220
Kalen Ballage,RB,NA,216,216,0,846,221
Ryan Griffin,TE,NA,216,NA,NA,847,169
Johnny Wilson,WR,NA,216,216,0,848,336
DeAndre Thompkins,WR,NA,216,216,0,849,337
Jack Sorenson,WR,NA,216,216,0,850,338
Jack Doyle,TE,NA,216,216,0,851,170
Preston Williams,WR,CAR,216,216,0,852,339
Jason Croom,TE,NA,216,216,0,853,171
Matt Sokol,TE,NE,216,216,0,854,172
Grant Gunnell,QB,NA,216,216,0,855,123
Clive Walford,TE,NA,216,216,0,856,173
Kenny Stills,WR,NA,216,216,0,857,340
Kyle Sloter,QB,NA,216,216,0,858,124
Daylen Baldwin,WR,CLE,216,216,0,859,341
Cornell Powell,WR,KC,216,216,0,860,342
Alex Armah,RB,WAS,216,216,0,861,222
Grant Calcaterra,TE,PHI,216,216,0,862,174
Tyler Shough,QB,NA,216,216,0,863,125
Jacob Copeland,WR,TEN,216,216,0,864,343
Jaylon Robinson,WR,NA,216,216,0,865,344
JoJo Ward,WR,NA,216,216,0,866,345
Jerome Cunningham,TE,NA,216,216,0,867,175
Jake Browning,QB,CIN,216,216,0,868,126
Rasheen Ali,RB,NA,216,216,0,869,223
Jalen Wydermyer,TE,IND,216,216,0,870,176
Shelton Gibson,WR,NA,216,216,0,871,346
Farrod Green,TE,NA,216,216,0,872,177
Stanley Berryhill,WR,DET,216,216,0,873,347
Cameron Scarlett,RB,NA,216,216,0,874,224
Albert Wilson,WR,NA,216,216,0,875,348
Micah Simon,WR,NA,216,216,0,876,349
Pete Guerriero,RB,NA,216,216,0,877,225
Austin Proehl,WR,NA,216,216,0,878,350
Philip Rivers,QB,NA,216,216,0,879,127
Cody Thompson,WR,SEA,216,216,0,880,351
Neil Pau'u,WR,NA,216,216,0,881,352
DeShone Kizer,QB,NA,216,216,0,882,128
Karan Higdon,RB,NA,216,216,0,883,226
Zach Heins,TE,NA,216,216,0,884,178
Malcolm Brown,RB,NA,216,216,0,885,227
Ryan Fitzpatrick,QB,NA,216,216,0,886,129
Cole Wick,TE,NA,216,216,0,887,179
Will Rogers,QB,NA,216,216,0,888,130
Javian Hawkins,RB,NA,216,216,0,889,228
Phillip Dorsett,WR,LV,216,216,0,890,353
Josh Imatorbhebhe,WR,NA,216,216,0,891,354
Michael Pratt,QB,NA,216,216,0,892,131
Cade Johnson,WR,SEA,216,216,0,893,355
Chris Blair,WR,NA,216,216,0,894,356
Jared Scott,TE,NA,216,216,0,895,180
Derrick Gore,RB,NO,216,216,0,896,229
Darius Jackson,RB,NA,216,216,0,897,230
Benny LeMay,RB,NA,216,216,0,898,231
Ryan Izzo,TE,NA,216,216,0,899,181
Eric Ebron,TE,NA,216,216,0,900,182
Jordan Thomas,TE,NA,216,216,0,901,183
Jalen Hurd,WR,NA,216,216,0,902,357
Jake Lampman,WR,NA,216,216,0,903,358
Patrick Ricard,RB,BAL,216,216,0,904,232
Quintez Cephus,WR,NA,216,216,0,905,359
Chase Daniel,QB,NA,216,216,0,906,132
Josh Vann,WR,CAR,216,216,0,907,360
Josh Bellamy,WR,NA,216,216,0,908,361
Jake Kumerow,WR,NA,216,216,0,909,362
Justin Hardy,WR,NA,216,216,0,910,363
Fred Brown,WR,NA,216,216,0,911,364
Sincere McCormick,RB,LV,216,216,0,912,233
Paul Perkins,RB,NA,216,216,0,913,234
Javorius Allen,RB,NA,216,216,0,914,235
Austin Mack,WR,NA,216,216,0,915,365
Shaun Shivers,RB,NA,216,216,0,916,236
Jake Fromm,QB,WAS,216,216,0,917,133
Jeff Heuerman,TE,NA,216,216,0,918,184
Derrius Guice,RB,NA,216,216,0,919,237
Rodney Anderson,RB,NA,216,216,0,920,238
Khalil Tate,WR,NA,216,216,0,921,366
J.P. Holtz,TE,NA,216,216,0,922,185
Alize Mack,TE,NA,216,216,0,923,186
John Franklin,WR,NA,216,216,0,924,367
Armani Rogers,TE,WAS,216,216,0,925,187
Keytaon Thompson,WR,DET,216,216,0,926,368
Taysir Mack,WR,NA,216,216,0,927,369
Sam James,WR,NA,216,216,0,928,370
Deuce Watts,WR,GB,216,216,0,929,371
Taulia Tagovailoa,QB,NA,216,216,0,930,134
T.Y. Hilton,WR,NA,216,216,0,931,372
Ben Braunecker,TE,NA,216,216,0,932,188
Juwann Winfree,WR,NA,216,216,0,933,373
Collin Johnson,WR,NYG,216,216,0,934,374
Eli Wolf,TE,NA,216,216,0,935,189
Vance McDonald,TE,NA,216,216,0,936,190
Reggie Bonnafon,RB,NA,216,216,0,937,239
Dexter Williams,RB,NA,216,216,0,938,240
Kaylon Geiger,WR,TB,216,216,0,939,375
Sewo Olonilua,RB,NA,216,216,0,940,241
David Fales,QB,NA,216,216,0,941,135
Jaron Brown,WR,NA,216,216,0,942,376
Isaiah McKoy,WR,NA,216,216,0,943,377
Dwayne Harris,WR,NA,216,216,0,944,378
Chris Hogan,WR,NA,216,216,0,945,379
Will Grier,QB,DAL,216,216,0,946,136
D'Eriq King,QB,NA,216,216,0,947,137
Matt Schaub,QB,NA,216,216,0,948,138
Connor Wedington,WR,NA,216,216,0,949,380
Caleb Huntley,RB,ATL,216,216,0,950,242
Jalen Wayne,WR,BUF,216,216,0,951,381
Tyrone Swoopes,TE,NA,216,216,0,952,191
Connor Davis,TE,NA,216,216,0,953,192
Xavier Jones,RB,NA,216,216,0,954,243
Darwin Thompson,RB,NA,216,216,0,955,244
Nathan Peterman,QB,CHI,216,216,0,956,139
Dareke Young,WR,SEA,216,216,0,957,382
DaeSean Hamilton,WR,NA,216,216,0,958,383
Ryan Finley,QB,NA,216,216,0,959,140
Logan Woodside,QB,ATL,216,216,0,960,141
Pooka Williams,WR,NA,216,216,0,961,384
Jirehl Brock,RB,NA,216,216,0,962,245
Trey Ragas,RB,NA,216,216,0,963,246
Chris Pierce,TE,ARI,216,216,0,964,193
Isaac Whitney,WR,NA,216,216,0,965,385
Jeff Smith,WR,NYJ,216,216,0,966,386
Keric Wheatfall,WR,NA,216,216,0,967,387
Nikola Kalinic,TE,IND,216,216,0,968,194
Davis Cheek,QB,NA,216,216,0,969,142
Ben DiNucci,QB,NA,216,216,0,970,143
Cody Latimer,WR,NA,216,216,0,971,388
Jeff Cotton,WR,GB,216,216,0,972,389
Dominique Dafney,TE,TB,216,216,0,973,195
Bisi Johnson,WR,NA,216,216,0,974,390
Cameron Ward,QB,NA,216,216,0,975,144
Josh Malone,WR,NA,216,216,0,976,391
Kevin Austin,WR,JAX,216,216,0,977,392
Tyrell Williams,WR,NA,216,216,0,978,393
Carson Strong,QB,NA,216,216,0,979,145
Keylon Stokes,WR,NA,216,216,0,980,394
Antonio Gandy-Golden,WR,NA,216,216,0,981,395
Frank Darby,WR,ATL,216,216,0,982,396
Wes Hills,RB,NA,216,216,0,983,247
Artavis Pierce,RB,NA,216,216,0,984,248
Lee Smith,TE,NA,216,216,0,985,196
Marcus Baugh,TE,NA,216,216,0,986,197
Jeremy Sprinkle,TE,NA,216,216,0,987,198
Calvin Jackson,WR,NA,216,216,0,988,397
Brandon Peters,QB,NA,216,216,0,989,146
Stephen Guidry,WR,NA,216,216,0,990,398
Damon Hazelton,WR,NA,216,216,0,991,399
Braylon Sanders,WR,MIA,216,216,0,992,400
Kelvin Harmon,WR,NA,216,216,0,993,401
Hunter Long,TE,LAR,216,216,0,994,199
Raymond Calais,RB,NA,216,216,0,995,249
Tory Carter,RB,NA,216,216,0,996,250
Chris Carson,RB,NA,216,216,0,997,251
Sutton Smith,RB,NA,216,216,0,998,252
Javon Leake,RB,NA,216,216,0,999,253
Shaun Beyer,TE,NA,216,216,0,1000,200
Tyshaun James,WR,NA,216,216,0,1001,402
Da'Mari Scott,WR,NA,216,216,0,1002,403
Jalen McCleskey,WR,NA,216,216,0,1003,404
Jalen Camp,WR,HOU,216,216,0,1004,405
Damion Ratley,WR,NA,216,216,0,1005,406
Jacob Breeland,TE,NA,216,216,0,1006,201
Justin Johnson,TE,NA,216,216,0,1007,202
Tyson Bagent,QB,CHI,216,216,0,1008,147
Emeka Emezie,WR,NA,216,216,0,1009,407
Andre Roberts,WR,NA,216,216,0,1010,408
Reggie Begelton,WR,NA,216,216,0,1011,409
Freddie Swain,WR,MIA,216,216,0,1012,410
Theo Johnson,TE,NA,216,216,0,1013,203
Tyrone Scott,WR,NA,216,216,0,1014,411
Cameron Batson,WR,NA,216,216,0,1015,412
Sony Michel,RB,NA,216,216,0,1016,254
Brett Rypien,QB,NA,216,216,0,1017,148
LeVante Bellamy,RB,NA,216,216,0,1018,255
Ricky Ortiz,RB,NA,216,216,0,1019,256
Dustin Crum,QB,NA,216,216,0,1020,149
Stephen Sullivan,TE,CAR,216,216,0,1021,204
O.J. Howard,TE,LV,216,216,0,1022,205
C.J. Anderson,RB,NA,216,216,0,1023,257
Dontrelle Inman,WR,NA,216,216,0,1024,413
Dazz Newsome,WR,SF,216,216,0,1025,414
Allen Hurns,WR,NA,216,216,0,1026,415
Kahale Warring,TE,NA,216,216,0,1027,206
Kenji Bahar,QB,NA,216,216,0,1028,150
Tim DeMorat,QB,NA,216,216,0,1029,151
Andy Janovich,RB,NA,216,216,0,1030,258
Carson Wentz,QB,NA,216,216,0,1031,152
Blake Jarwin,TE,NA,216,216,0,1032,207
Nsimba Webster,WR,CHI,216,216,0,1033,416
Jason Witten,TE,NA,216,216,0,1034,208
Matt Bushman,TE,KC,216,216,0,1035,209
Jadakis Bonds,WR,NA,216,216,0,1036,417
Nick Ralston,RB,NA,216,216,0,1037,259
Jalen Morton,QB,NA,216,216,0,1038,153
Alfred Morris,RB,NA,216,216,0,1039,260
Jaylon Moore,WR,JAX,216,216,0,1040,418
Darius Clark,RB,NA,216,216,0,1041,261
Stanley Morgan,WR,CIN,216,216,0,1042,419
Joe Reed,WR,CHI,216,216,0,1043,420
Osirus Mitchell,WR,NA,216,216,0,1044,421
Isaiah Wright,WR,NA,216,216,0,1045,422
Kwamie Lassiter,WR,CIN,216,216,0,1046,423
Jerell Adams,TE,NA,216,216,0,1047,210
Chester Rogers,WR,NA,216,216,0,1048,424
Jeremiah Haydel,WR,NA,216,216,0,1049,425
Garrett Griffin,TE,NA,216,216,0,1050,211
Charleston Rambo,WR,NA,216,216,0,1051,426
Marcell Brooks,WR,NA,216,216,0,1052,427
Riley Ridley,WR,NA,216,216,0,1053,428
Devin Funchess,TE,NA,216,216,0,1054,212
Ian Bunting,TE,NA,216,216,0,1055,213
Sean Mannion,QB,NA,216,216,0,1056,154
Tyler Harrell,WR,NA,216,216,0,1057,429
Aaron Shampklin,RB,IND,216,216,0,1058,262
Cam Sutton,TE,NA,216,216,0,1059,214
Michael Jacobson,TE,NA,216,216,0,1060,215
Chad Henne,QB,NA,216,216,0,1061,155
Jaydon Mickens,WR,NYG,216,216,0,1062,430
Trey Quinn,WR,NA,216,216,0,1063,431
Isaiah Coulter,WR,NA,216,216,0,1064,432
T.J. Simmons,WR,NA,216,216,0,1065,433
Mathew Sexton,WR,NA,216,216,0,1066,434
Andrew Parchment,WR,NA,216,216,0,1067,435
Jordan Scarlett,RB,NA,216,216,0,1068,263
Devontae Booker,RB,NA,216,216,0,1069,264
Nick O'Leary,TE,NA,216,216,0,1070,216
Thomas Odukoya,TE,TEN,216,216,0,1071,217
Jake Butt,TE,NA,216,216,0,1072,218
Chris Myarick,RB,NYG,216,216,0,1073,265
Rodney Williams,TE,PIT,216,216,0,1074,219
Noah Togiai,TE,ARI,216,216,0,1075,220
Alex Erickson,WR,WAS,216,216,0,1076,436
MyCole Pruitt,TE,NA,216,216,0,1077,221
Darrius Shepherd,WR,NA,216,216,0,1078,437
Brennan Eagles,WR,NA,216,216,0,1079,438
Mason Schreck,TE,HOU,216,216,0,1080,222
Senorise Perry,RB,NA,216,216,0,1081,266
Khalfani Muhammad,RB,NA,216,216,0,1082,267
CJ Marable,RB,NA,216,216,0,1083,268
Victor Bolden,WR,NA,216,216,0,1084,439
Daniel Helm,TE,NA,216,216,0,1085,223
Kaden Smith,TE,NA,216,216,0,1086,224
Scottie Phillips,RB,NA,216,216,0,1087,269
Ben Mason,RB,BAL,216,216,0,1088,270
Nathan Rourke,QB,JAX,216,216,0,1089,156
T.J. Logan,RB,NA,216,216,0,1090,271
Tarik Cohen,RB,NA,216,216,0,1091,272
Vyncint Smith,WR,IND,216,216,0,1092,440
Artayvious Lynn,TE,NA,216,216,0,1093,225
Mark Vital,TE,NA,216,216,0,1094,226
Sal Cannella,TE,NA,216,216,0,1095,227
Jarek Broussard,RB,NA,216,216,0,1096,273
Anthony Miller,WR,PIT,216,216,0,1097,441
J.J. Arcega-Whiteside,WR,NA,216,216,0,1098,442
Shane Zylstra,TE,DET,216,216,0,1099,228
Artavis Scott,WR,NA,216,216,0,1100,443
Marquez Stevenson,WR,CLE,216,216,0,1101,444
Marqise Lee,WR,NA,216,216,0,1102,445
Alex Collins,RB,NA,216,216,0,1103,274
Dominick Wood-Anderson,TE,NA,216,216,0,1104,229
Darrell Henderson,RB,NA,216,216,0,1105,275
Cethan Carter,TE,NA,216,216,0,1106,230
Ja'Marcus Bradley,WR,PIT,216,216,0,1107,446
Leonard Taylor,TE,JAX,216,216,0,1108,231
Cole McDonald,QB,NA,216,216,0,1109,157
Kalif Jackson,TE,NA,216,216,0,1110,232
Kendall Blanton,TE,KC,216,216,0,1111,233
Delanie Walker,TE,NA,216,216,0,1112,234
J.J. Koski,WR,NA,216,216,0,1113,447
Cornelius Johnson,WR,NA,216,216,0,1114,448
Makai Polk,WR,NA,216,216,0,1115,449
Devin Ross,WR,NA,216,216,0,1116,450
Nick Vannett,TE,NYG,216,216,0,1117,235
Marvin Hall,WR,NA,216,216,0,1118,451
Kekoa Crawford,WR,NA,216,216,0,1119,452
Devine Ozigbo,RB,NA,216,216,0,1120,276
Mike Weber,RB,NA,216,216,0,1121,277
Devon Williams,WR,NA,216,216,0,1122,453
Michael Dereus,WR,NA,216,216,0,1123,454
Devonta Freeman,RB,NA,216,216,0,1124,278
Landen Akers,WR,NA,216,216,0,1125,455
Richard Rodgers,TE,NA,216,216,0,1126,236
John FitzPatrick,TE,ATL,216,216,0,1127,237
Gabe Holmes,TE,NA,216,216,0,1128,238
Matt Seybert,TE,NA,216,216,0,1129,239
Xavier Williams,WR,NA,216,216,0,1130,456
Damion Willis,WR,NA,216,216,0,1131,457
Jordan Johnson,WR,NA,216,216,0,1132,458
Sean McKeon,TE,DAL,216,216,0,1133,240
Antonio Callaway,WR,DAL,216,216,0,1134,459
Lucas Krull,TE,NO,216,216,0,1135,241
A.J. Richardson,WR,NA,216,216,0,1136,460
DeAndre Washington,RB,NA,216,216,0,1137,279
Michael Jefferson,WR,NA,216,216,0,1138,461
Chad Williams,WR,NA,216,216,0,1139,462
Ted Ginn,WR,NA,216,216,0,1140,463
Geronimo Allison,WR,NA,216,216,0,1141,464
Ito Smith,RB,NA,216,216,0,1142,280
John Ursua,WR,NA,216,216,0,1143,465
Nathan Cottrell,RB,NA,216,216,0,1144,281
Amara Darboh,WR,NA,216,216,0,1145,466
Luke Willson,TE,NA,216,216,0,1146,242
Dion Lewis,RB,NA,216,216,0,1147,282
Jack Coan,QB,NA,216,216,0,1148,158
Chris Herndon,TE,NA,216,216,0,1149,243
Austin Fort,TE,NA,216,216,0,1150,244
Donte Moncrief,WR,NA,216,216,0,1151,467
Tyron Johnson,WR,SF,216,216,0,1152,468
Binjimen Victor,WR,NA,216,216,0,1153,469
William Fuller,WR,NA,216,216,0,1154,470
Adrian Peterson,RB,NA,216,216,0,1155,283
Chad Beebe,WR,NA,216,216,0,1156,471
Jake Bargas,RB,NA,216,216,0,1157,284
Cole Fotheringham,TE,LV,216,216,0,1158,245
Cole Hikutini,TE,NA,216,216,0,1159,246
Chris Oladokun,QB,KC,216,216,0,1160,159
Christian Wade,RB,NA,216,216,0,1161,285
Jason Huntley,RB,PIT,216,216,0,1162,286
Darrynton Evans,RB,IND,216,216,0,1163,287
Taylor Gabriel,WR,NA,216,216,0,1164,472
Case Cookus,QB,NA,216,216,0,1165,160
Phillip Lindsay,RB,NA,216,216,0,1166,288
Jake Luton,QB,NO,216,216,0,1167,161
DeAndre Torrey,RB,NA,216,216,0,1168,289
Javon McKinley,WR,NA,216,216,0,1169,473
Kirk Merritt,WR,NO,216,216,0,1170,474
Daniel Crawford,TE,NA,216,216,0,1171,247
Jared Bernhardt,WR,ATL,216,216,0,1172,475
Matt Moore,QB,NA,216,216,0,1173,162
Taywan Taylor,WR,NA,216,216,0,1174,476
Derrick Deese,TE,DET,216,216,0,1175,248
Terrelle Pryor,WR,NA,216,216,0,1176,477
Nate Becker,TE,NA,216,216,0,1177,249
Diontae Spencer,WR,NYJ,216,216,0,1178,478
Jeremy Cox,RB,NA,216,216,0,1179,290
Terry Godwin,WR,NA,216,216,0,1180,479
Michael Burton,RB,DEN,216,216,0,1181,291
Dre Miller,TE,NYG,216,216,0,1182,250
Tim Jones,WR,JAX,216,216,0,1183,480
Nick Guggemos,TE,GB,216,216,0,1184,251
Ricky Person,RB,NA,216,216,0,1185,292
KJ Hill,WR,NA,216,216,0,1186,481
Patrick DiMarco,RB,NA,216,216,0,1187,293
Thaddeus Moss,TE,NA,216,216,0,1188,252
Nick Bowers,TE,CIN,216,216,0,1189,253
Malik Turner,WR,IND,216,216,0,1190,482
Elijhaa Penny,RB,NA,216,216,0,1191,294
Jaylen Samuels,RB,NA,216,216,0,1192,295
Thomas Ives,WR,NA,216,216,0,1193,483
Hunter Thedford,TE,NA,216,216,0,1194,254
Bruno Labelle,TE,NA,216,216,0,1195,255
Bryce Love,RB,NA,216,216,0,1196,296
Mike Thomas,WR,BAL,216,216,0,1197,484
Hunter Bryant,TE,NA,216,216,0,1198,256
D'Vonte Price,RB,NA,216,216,0,1199,297
Lawrence Cager,TE,NYG,216,216,0,1200,257
Dillon Stoner,WR,NA,216,216,0,1201,485
Luke Farrell,TE,JAX,216,216,0,1202,258
Marcus Johnson,WR,NA,216,216,0,1203,486
Brandon Allen,QB,NA,216,216,0,1204,163
Sammy Watkins,WR,NA,216,216,0,1205,487
Jaylen Smith,WR,NA,216,216,0,1206,488
Bailey Gaither,WR,NA,216,216,0,1207,489
T.J. Pledger,RB,NA,216,216,0,1208,298
Gerrid Doaks,RB,HOU,216,216,0,1209,299
Darece Roberson,WR,NA,216,216,0,1210,490
Colin Thompson,TE,NA,216,216,0,1211,259
Daewood Davis,WR,NA,216,216,0,1212,491
Austin Trammell,WR,LAR,216,216,0,1213,492
Seth DeValve,TE,NA,216,216,0,1214,260
Hunter Kampmoyer,TE,LAC,216,216,0,1215,261
Jakob Johnson,RB,LV,216,216,0,1216,300
Jalin Moore,RB,NA,216,216,0,1217,301
Devontres Dukes,WR,NA,216,216,0,1218,493
Grant DuBose,WR,GB,216,216,0,1219,494
Stephen Carlson,TE,NA,216,216,0,1220,262
TJ Tampa,WR,NA,216,216,0,1221,495
Alinias Smith,WR,NA,216,216,0,1222,496
Kalil Pimpleton,WR,NYG,216,216,0,1223,497
Tre Nixon,WR,NE,216,216,0,1224,498
Corey Sutton,WR,NA,216,216,0,1225,499
Auden Tate,WR,ARI,216,216,0,1226,500
Dede Westbrook,WR,NA,216,216,0,1227,501
Lynn Bowden,WR,NE,216,216,0,1228,502
B.J. Emmons,RB,NA,216,216,0,1229,302
Tanner Gentry,WR,NA,216,216,0,1230,503
Dontrell Hilliard,RB,NA,216,216,0,1231,303
Bug Howard,TE,NA,216,216,0,1232,263
Luke McCown,QB,NA,216,216,0,1233,164
Golden Tate,WR,NA,216,216,0,1234,504
Anthony Gordon,QB,NA,216,216,0,1235,165
Tayon Fleet-Davis,RB,NA,216,216,0,1236,304
Dylan Soehner,TE,NA,216,216,0,1237,264
Kenny Golladay,WR,NA,216,216,0,1238,505
Dee Wiggins,WR,NA,216,216,0,1239,506
Easop Winston,WR,SEA,216,216,0,1240,507
Shemar Bridges,WR,BAL,216,216,0,1241,508
Reece Horn,WR,NA,216,216,0,1242,509
Master Teague,RB,PIT,216,216,0,1243,305
Benny Snell,RB,NA,216,216,0,1244,306
Ben Beise,TE,NA,216,216,0,1245,265
Myron Mitchell,WR,NA,216,216,0,1246,510
J'Mon Moore,WR,NA,216,216,0,1247,511
Alex McGough,QB,NA,216,216,0,1248,166
Konata Mumpfield,WR,NA,216,216,0,1249,512
JaQuan Hardy,RB,NA,216,216,0,1250,307
Jordan Wilkins,RB,NA,216,216,0,1251,308
David Fluellen,RB,NA,216,216,0,1252,309
Anthony Brown,QB,BAL,216,216,0,1253,167
Willie Johnson,WR,NA,216,216,0,1254,513
Ryan Becker,TE,NA,216,216,0,1255,266
Joshua Perkins,TE,NA,216,216,0,1256,267
Derek Carrier,TE,NA,216,216,0,1257,268
Mitchell Wilcox,TE,NA,216,216,0,1258,269
Chris Thompson,RB,NA,216,216,0,1259,310
Cheyenne O'Grady,TE,NA,216,216,0,1260,270
Matt Cole,WR,NA,216,216,0,1261,514
Demarkcus Bowman,RB,NA,216,216,0,1262,311
Leddie Brown,RB,NA,216,216,0,1263,312
Justin Rigg,TE,TEN,216,216,0,1264,271
Cullen Gillaspia,RB,NA,216,216,0,1265,313
Eric Dungey,QB,NA,216,216,0,1266,168
Stevie Scott,RB,NA,216,216,0,1267,314
Drew Plitt,QB,NA,216,216,0,1268,169
J.D. McKissic,RB,NA,216,216,0,1269,315
Corey Coleman,WR,NA,216,216,0,1270,515
Dalton Keene,TE,PHI,216,216,0,1271,272
Robert Griffin,QB,NA,216,216,0,1272,170
Patrick Laird,RB,TB,216,216,0,1273,316
River Cracraft,WR,MIA,216,216,0,1274,516
Josh Babicz,TE,NA,216,216,0,1275,273
Trace McSorley,QB,NE,216,216,0,1276,171
Ian Book,QB,PHI,216,216,0,1277,172
Ty Johnson,RB,NA,216,216,0,1278,317
Josh Doctson,WR,NA,216,216,0,1279,517
Bryce Perkins,QB,LAR,216,216,0,1280,173
Trey Burton,TE,NA,216,216,0,1281,274
Duke Williams,WR,NA,216,216,0,1282,518
Brandon Smith,WR,NA,216,216,0,1283,519
Jason Moore,WR,NA,216,216,0,1284,520
Jared Pinkney,TE,NA,216,216,0,1285,275
Frank Gore,RB,NA,216,216,0,1286,318
Jarrett Guarantano,QB,DEN,216,216,0,1287,174
Keith Smith,RB,ATL,216,216,0,1288,319
Kyle Patterson,TE,NA,216,216,0,1289,276
Carlos Hyde,RB,NA,216,216,0,1290,320
Jordan Franks,TE,NA,216,216,0,1291,277
Tyler Vaughns,WR,NA,216,216,0,1292,521
Marlon Mack,RB,NA,216,216,0,1293,321
DeShon Williams,TE,NA,216,216,0,1294,278
Michael Young,WR,NA,216,216,0,1295,522
Adrian Killins,RB,NA,216,216,0,1296,322
Tyler Van Dyke,QB,NA,216,216,0,1297,175
Giovani Bernard,RB,NA,216,216,0,1298,323
Payton Thorne,QB,NA,216,216,0,1299,176
Demaryius Thomas,TE,NA,216,216,0,1300,279
Ishmael Hyman,WR,NA,216,216,0,1301,523
Sean Culkin,TE,NA,216,216,0,1302,280
E.J. Perry,QB,HOU,216,216,0,1303,177
Racey McMath,WR,TEN,216,216,0,1304,524
Jalen Brooks,WR,DAL,216,216,0,1305,525
D.J. Montgomery,WR,NA,216,216,0,1306,526
Carson Meier,TE,NA,216,216,0,1307,281
Julian Edelman,WR,NA,216,216,0,1308,527
Travis Toivonen,WR,NA,216,216,0,1309,528
C.J. Prosise,RB,NA,216,216,0,1310,324
Xavier Smith,WR,LAR,216,216,0,1311,529
Garrett Groshek,RB,NA,216,216,0,1312,325
Jahleel Billingsley,TE,NA,216,216,0,1313,282
Jeremiah Hall,RB,NA,216,216,0,1314,326
Alexander Hollins,WR,NA,216,216,0,1315,530
Zaire Mitchell-Paden,TE,CLE,216,216,0,1316,283
Brandon Dillon,TE,NA,216,216,0,1317,284
Kevin Kassis,WR,NA,216,216,0,1318,531
Ryquell Armstead,RB,NA,216,216,0,1319,327
Sandro Platzgummer,RB,NA,216,216,0,1320,328
Mohamed Sanu,WR,NA,216,216,0,1321,532
Kyle Juszczyk,RB,SF,216,216,0,1322,329
Lance Lenoir,WR,NA,216,216,0,1323,533
Adam Humphries,WR,NA,216,216,0,1324,534
Daniel Brown,TE,NA,216,216,0,1325,285
Jhamon Ausbon,WR,NA,216,216,0,1326,535
Jaden Walley,WR,NA,216,216,0,1327,536
Luis Perez,QB,NA,216,216,0,1328,178
CJ Verdell,RB,NA,216,216,0,1329,330
Jace Sternberger,TE,NA,216,216,0,1330,286
De'Quan Hampton,WR,NA,216,216,0,1331,537
Emanuel Hall,WR,NA,216,216,0,1332,538
Gehrig Dieter,WR,NA,216,216,0,1333,539
Josh Gordon,WR,NA,216,216,0,1334,540
Jacob Harris,WR,LAR,216,216,0,1335,541
Jontre Kirklin,WR,NA,216,216,0,1336,542
Tommy Bohanon,RB,NA,216,216,0,1337,331
Devin Asiasi,TE,CIN,216,216,0,1338,287
Troy Omeire,WR,NA,216,216,0,1339,543
Chase Allen,TE,CHI,216,216,0,1340,288
Chase Harrell,TE,NA,216,216,0,1341,289
Andrew Beck,RB,HOU,216,216,0,1342,332
Elijah Holyfield,RB,CIN,216,216,0,1343,333
Jaelon Darden,WR,CLE,216,216,0,1344,544
Mike Davis,RB,NA,216,216,0,1345,334
Marcus Santos-Silva,TE,NA,216,216,0,1346,290
Michael Bandy,WR,NA,216,216,0,1347,545
Maurice Alexander,WR,DET,216,216,0,1348,546
Jarvis Landry,WR,NA,216,216,0,1349,547
Brandon Thomas,RB,NA,216,216,0,1350,335
C.J. Johnson,WR,SEA,216,216,0,1351,548
Danny Amendola,WR,NA,216,216,0,1352,549
Rodney Adams,WR,NA,216,216,0,1353,550
Antonio Nunn,WR,NA,216,216,0,1354,551
Jordan Leggett,TE,NA,216,216,0,1355,291
Peyton Barber,RB,NA,216,216,0,1356,336
Chandler Cox,RB,NA,216,216,0,1357,337
Marcus Green,WR,NA,216,216,0,1358,552
Keilan Robinson,RB,NA,216,216,0,1359,338
Dylan Parham,TE,NA,216,216,0,1360,292
Marshon Ford,TE,NA,216,216,0,1361,293
Paul Quessenberry,RB,NA,216,216,0,1362,339
Tyler Simmons,WR,NA,216,216,0,1363,553
Nick Bawden,RB,NYJ,216,216,0,1364,340
Jared Cook,TE,NA,216,216,0,1365,294
Trevon Bradford,WR,NA,216,216,0,1366,554
Devin Gray,WR,NA,216,216,0,1367,555
Andre Patton,WR,NA,216,216,0,1368,556
Kylin Hill,RB,NA,216,216,0,1369,341
Andrew Ogletree,TE,IND,216,216,0,1370,295
ZaQuandre White,RB,NA,216,216,0,1371,342
D.J. Foster,RB,NA,216,216,0,1372,343
Derrick Willies,WR,NA,216,216,0,1373,557
Lujuan Winningham,WR,NA,216,216,0,1374,558
Rob Gronkowski,TE,NA,216,216,0,1375,296
Mike Harley,WR,CLE,216,216,0,1376,559
Taquan Mizzell,RB,NA,216,216,0,1377,344
Adam Prentice,RB,NO,216,216,0,1378,345
Simi Fehoko,WR,DAL,216,216,0,1379,560
Rashard Higgins,WR,NA,216,216,0,1380,561
Caleb Wilson,TE,NA,216,216,0,1381,297
Zander Horvath,RB,LAC,216,216,0,1382,346
Tommylee Lewis,WR,NA,216,216,0,1383,562
Trey Edmunds,RB,NA,216,216,0,1384,347
Jaivon Heiligh,WR,NA,216,216,0,1385,563
Tyreik McAllister,RB,DEN,216,216,0,1386,348
Grayson Gunter,TE,NA,216,216,0,1387,298
Tyler Goodson,RB,GB,216,216,0,1388,349
Kamari Averett,TE,NA,216,216,0,1389,299
Khari Lee,TE,NA,216,216,0,1390,300
Kerryon Johnson,RB,NA,216,216,0,1391,350
Jason Cabinda,RB,DET,216,216,0,1392,351
Riley Lees,WR,NA,216,216,0,1393,564
Derek Wright,WR,CAR,216,216,0,1394,565
Julian Fleming,WR,NA,216,216,0,1395,566
Frank Ladson,WR,NA,216,216,0,1396,567
Ashton Dulin,WR,IND,216,216,0,1397,568
Miles Boykin,WR,PIT,216,216,0,1398,569
Jake Rudock,QB,NA,216,216,0,1399,179
Jason Vander Laan,TE,NA,216,216,0,1400,301
Trevon Wesco,TE,TEN,216,216,0,1401,302
Darvin Kidsy,WR,NA,216,216,0,1402,570
Bennie Fowler,WR,NA,216,216,0,1403,571
Scotty Washington,WR,NE,216,216,0,1404,572
Brett Hundley,QB,NA,216,216,0,1405,180
Stephen Anderson,TE,NA,216,216,0,1406,303
David Blough,QB,ARI,216,216,0,1407,181
David Johnson,RB,NA,216,216,0,1408,352
Jeremy McNichols,RB,NA,216,216,0,1409,353
Kyle Rudolph,TE,NA,216,216,0,1410,304
Baylor Cupp,TE,NA,216,216,0,1411,305
Johnny Holton,WR,NA,216,216,0,1412,573
Matt LaCosse,TE,NA,216,216,0,1413,306
Miller Forristall,TE,NO,216,216,0,1414,307
Josh Love,QB,NA,216,216,0,1415,182
Seth Roberts,WR,NA,216,216,0,1416,574
Jacob Eason,QB,CAR,216,216,0,1417,183
Dennis Houston,WR,DAL,216,216,0,1418,575
Chris Lacy,WR,LV,216,216,0,1419,576
Virgil Green,TE,NA,216,216,0,1420,308
Deon Yelder,TE,NA,216,216,0,1421,309
Kameron Brown,WR,NA,216,216,0,1422,577
Travis Fulgham,WR,NA,216,216,0,1423,578
Gee Scott,TE,NA,216,216,0,1424,310
Kyle Markway,TE,NA,216,216,0,1425,311
Nick Keizer,TE,NA,216,216,0,1426,312
De'Lance Turner,RB,NA,216,216,0,1427,354
Keshunn Abram,WR,NA,216,216,0,1428,579
Tom Kennedy,WR,DET,216,216,0,1429,580
Tony Poljan,TE,NA,216,216,0,1430,313
Theo Riddick,RB,NA,216,216,0,1431,355
Jerrion Ealy,WR,KC,216,216,0,1432,581
Wayne Gallman,RB,NA,216,216,0,1433,356
Justin Hall,WR,NA,216,216,0,1434,582
Noah Cain,RB,NA,216,216,0,1435,357
Elijah McGuire,RB,NA,216,216,0,1436,358
Josh Hill,TE,NA,216,216,0,1437,314
Xavier Grimble,TE,NA,216,216,0,1438,315
Kevin Rader,TE,TEN,216,216,0,1439,316
C.J. Ham,RB,MIN,216,216,0,1440,359
Brandon Lewis,WR,NA,216,216,0,1441,583
A.J. Rose,RB,NA,216,216,0,1442,360
Brandon Johnson,WR,DEN,216,216,0,1443,584
Krishawn Hogan,WR,NA,216,216,0,1444,585
Reggie Roberson,WR,TEN,216,216,0,1445,586
Tanner Conner,TE,MIA,216,216,0,1446,317
Trenton Cannon,RB,NA,216,216,0,1447,361
Deontay Burnett,WR,NA,216,216,0,1448,587
Seth Williams,WR,JAX,216,216,0,1449,588
Caleb Scott,WR,NA,216,216,0,1450,589
Kevin Marks,RB,NA,216,216,0,1451,362
Briley Moore,TE,NA,216,216,0,1452,318
Tay Martin,WR,SF,216,216,0,1453,590
Gabe Nabers,RB,NA,216,216,0,1454,363
C.J. Saunders,WR,CAR,216,216,0,1455,591
Bilal Powell,RB,NA,216,216,0,1456,364
Carl Tucker,RB,NA,216,216,0,1457,365
David Sills,WR,NYG,216,216,0,1458,592
C.J. Board,WR,TEN,216,216,0,1459,593
Tavion Thomas,RB,NA,216,216,0,1460,366
Tommy Sweeney,TE,NYG,216,216,0,1461,319
Isaiah Zuber,WR,NA,216,216,0,1462,594
Troy Fumagalli,TE,NA,216,216,0,1463,320
Jacques Patrick,RB,NA,216,216,0,1464,367
Tyler Snead,WR,NA,216,216,0,1465,595
Warren Jackson,WR,NA,216,216,0,1466,596
Samson Nacua,WR,NA,216,216,0,1467,597
Danny Etling,QB,GB,216,216,0,1468,184
Codey McElroy,TE,NA,216,216,0,1469,321
Easton Dean,TE,NA,216,216,0,1470,322
Darius Bradwell,RB,NA,216,216,0,1471,368
Drew Stanton,QB,NA,216,216,0,1472,185
Tyler Eifert,TE,NA,216,216,0,1473,323
Carson Williams,TE,NA,216,216,0,1474,324
Chris Finke,WR,NA,216,216,0,1475,598
Tarik Black,WR,BAL,216,216,0,1476,599
Matthew Slater,WR,NE,216,216,0,1477,600
Bryant Koback,RB,NA,216,216,0,1478,369
Tyrie Cleveland,WR,PHI,216,216,0,1479,601
Josh Hokit,RB,NA,216,216,0,1480,370
Derrick Dillon,WR,NA,216,216,0,1481,602
Ajou Ajou,WR,NA,216,216,0,1482,603
Emmanuel Sanders,WR,NA,216,216,0,1483,604
John Brown,WR,NA,216,216,0,1484,605
Kawaan Baker,WR,NO,216,216,0,1485,606
Derek Watt,RB,NA,216,216,0,1486,371
Darrell Daniels,TE,NA,216,216,0,1487,325
Matt Barkley,QB,BUF,216,216,0,1488,186
Alex Smith,QB,NA,216,216,0,1489,187
Dan Chisena,WR,PIT,216,216,0,1490,607
John Emery,RB,NA,216,216,0,1491,372
Jordan Reed,TE,NA,216,216,0,1492,326
Aaron Parker,WR,NA,216,216,0,1493,608
Drew Estrada,WR,HOU,216,216,0,1494,609
James O'Shaughnessy,TE,NA,216,216,0,1495,327
Mikey Daniel,RB,NA,216,216,0,1496,373
Mason Kinsey,WR,TEN,216,216,0,1497,610
Zakhari Franklin,WR,NA,216,216,0,1498,611
Antony Auclair,TE,NA,216,216,0,1499,328
Scooter Harrington,TE,NA,216,216,0,1500,329
Jordan Veasy,WR,NA,216,216,0,1501,612
Jordan Matthews,TE,NA,216,216,0,1502,330
Steven Montez,QB,NA,216,216,0,1503,188
Levine Toilolo,TE,NA,216,216,0,1504,331
Chris Manhertz,TE,DEN,216,216,0,1505,332
Mike Strachan,WR,IND,216,216,0,1506,613
Kevin Shaa,WR,NA,216,216,0,1507,614
DeAndrew White,WR,NA,216,216,0,1508,615
Rico Bussey,WR,NA,216,216,0,1509,616
Dalyn Dawkins,RB,NA,216,216,0,1510,374
Johnny Johnson,WR,HOU,216,216,0,1511,617
Kaden Davis,WR,NA,216,216,0,1512,618
De'Anthony Thomas,WR,NA,216,216,0,1513,619
Darion Clark,TE,NA,216,216,0,1514,333
Trishton Jackson,WR,MIN,216,216,0,1515,620
Bruce Miller,RB,NA,216,216,0,1516,375
Elijah Cooks,WR,JAX,216,216,0,1517,621
John Ross,WR,NA,216,216,0,1518,622
Greg Bell,RB,NA,216,216,0,1519,376
Davion Davis,WR,NA,216,216,0,1520,623
Alex Taylor,TE,NA,216,216,0,1521,334
Rex Burkhead,RB,NA,216,216,0,1522,377
Tyler Bray,QB,NA,216,216,0,1523,189
Jase McClellan,RB,NA,216,216,0,1524,378
Jacob Dolegala,QB,NA,216,216,0,1525,190
AJ McCarron,QB,NA,216,216,0,1526,191
Darius Anderson,RB,NA,216,216,0,1527,379
Tyler Gaffney,RB,NA,216,216,0,1528,380
Travis Benjamin,WR,NA,216,216,0,1529,624
JJ Howland,TE,NA,216,216,0,1530,335
Nick Bellore,RB,SEA,216,216,0,1531,381
Kennedy Brooks,RB,PHI,216,216,0,1532,382
Johnnie Dixon,WR,NA,216,216,0,1533,625
Paul Richardson,WR,NA,216,216,0,1534,626
Tylan Wallace,WR,BAL,216,216,0,1535,627
Whop Philyor,WR,NA,216,216,0,1536,628
Nate Wieting,TE,NA,216,216,0,1537,336
Tre Harbison,RB,NA,216,216,0,1538,383
Rysen John,TE,NA,216,216,0,1539,337
Robert Davis,WR,NA,216,216,0,1540,629
Rashard Davis,WR,NA,216,216,0,1541,630
Blake Bortles,QB,NA,216,216,0,1542,192
JoJo Natson,WR,NA,216,216,0,1543,631
Kyric McGowan,WR,WAS,216,216,0,1544,632
Ben Ellefson,TE,MIN,216,216,0,1545,338
Josh Hammond,WR,NA,216,216,0,1546,633
Cameron Brate,TE,NA,216,216,0,1547,339
Jesse James,TE,NA,216,216,0,1548,340
Troymaine Pope,RB,NA,216,216,0,1549,384
Jake Tonges,TE,CHI,216,216,0,1550,341
Jacob Cowing,WR,NA,216,216,0,1551,634
Jon'Vea Johnson,WR,NA,216,216,0,1552,635
Xavier Gipson,WR,NYJ,216,216,0,1553,636
Isaiah Weston,WR,CLE,216,216,0,1554,637
David Wells,TE,TB,216,216,0,1555,342
Sammis Reyes,TE,NA,216,216,0,1556,343
Tommy Hudson,TE,NA,216,216,0,1557,344
Penny Hart,WR,NA,216,216,0,1558,638
A.J. Green,WR,NA,216,216,0,1559,639
Eric Tomlinson,TE,NA,216,216,0,1560,345
Darius Jennings,WR,NA,216,216,0,1561,640
Roman Wilson,WR,NA,216,216,0,1562,641
James White,RB,NA,216,216,0,1563,385
Michael Warren,RB,NA,216,216,0,1564,386
Antoine Winfield,WR,NA,216,216,0,1565,642